,Geo,Year,VehOwnFlatRateFee.2005,VehOwnAdValoremTax
0,Baker,1990,28,0
1,Benton,1990,28,0
2,Clackamas,1990,28,0
3,Clatsop,1990,28,0
4,Columbia,1990,28,0
5,Coos,1990,28,0
6,Crook,1990,28,0
7,Curry,1990,28,0
8,Deschutes,1990,28,0
9,Douglas,1990,28,0
10,Gilliam,1990,28,0
11,Grant,1990,28,0
12,Harney,1990,28,0
13,Hood River,1990,28,0
14,Jackson,1990,28,0
15,Jefferson,1990,28,0
16,Josephine,1990,28,0
17,Klamath,1990,28,0
18,Lake,1990,28,0
19,Lane,1990,28,0
20,Lincoln,1990,28,0
21,Linn,1990,28,0
22,Malheur,1990,28,0
23,Marion,1990,28,0
24,Morrow,1990,28,0
25,Multnomah,1990,28,0
26,Polk,1990,28,0
27,Sherman,1990,28,0
28,Tillamook,1990,28,0
29,Umatilla,1990,28,0
30,Union,1990,28,0
31,Wallowa,1990,28,0
32,Wasco,1990,28,0
33,Washington,1990,28,0
34,Wheeler,1990,28,0
35,Yamhill,1990,28,0
36,Baker,1995,28,0
37,Benton,1995,28,0
38,Clackamas,1995,28,0
39,Clatsop,1995,28,0
40,Columbia,1995,28,0
41,Coos,1995,28,0
42,Crook,1995,28,0
43,Curry,1995,28,0
44,Deschutes,1995,28,0
45,Douglas,1995,28,0
46,Gilliam,1995,28,0
47,Grant,1995,28,0
48,Harney,1995,28,0
49,Hood River,1995,28,0
50,Jackson,1995,28,0
51,Jefferson,1995,28,0
52,Josephine,1995,28,0
53,Klamath,1995,28,0
54,Lake,1995,28,0
55,Lane,1995,28,0
56,Lincoln,1995,28,0
57,Linn,1995,28,0
58,Malheur,1995,28,0
59,Marion,1995,28,0
60,Morrow,1995,28,0
61,Multnomah,1995,28,0
62,Polk,1995,28,0
63,Sherman,1995,28,0
64,Tillamook,1995,28,0
65,Umatilla,1995,28,0
66,Union,1995,28,0
67,Wallowa,1995,28,0
68,Wasco,1995,28,0
69,Washington,1995,28,0
70,Wheeler,1995,28,0
71,Yamhill,1995,28,0
72,Baker,2000,28,0
73,Benton,2000,28,0
74,Clackamas,2000,28,0
75,Clatsop,2000,28,0
76,Columbia,2000,28,0
77,Coos,2000,28,0
78,Crook,2000,28,0
79,Curry,2000,28,0
80,Deschutes,2000,28,0
81,Douglas,2000,28,0
82,Gilliam,2000,28,0
83,Grant,2000,28,0
84,Harney,2000,28,0
85,Hood River,2000,28,0
86,Jackson,2000,28,0
87,Jefferson,2000,28,0
88,Josephine,2000,28,0
89,Klamath,2000,28,0
90,Lake,2000,28,0
91,Lane,2000,28,0
92,Lincoln,2000,28,0
93,Linn,2000,28,0
94,Malheur,2000,28,0
95,Marion,2000,28,0
96,Morrow,2000,28,0
97,Multnomah,2000,28,0
98,Polk,2000,28,0
99,Sherman,2000,28,0
100,Tillamook,2000,28,0
101,Umatilla,2000,28,0
102,Union,2000,28,0
103,Wallowa,2000,28,0
104,Wasco,2000,28,0
105,Washington,2000,28,0
106,Wheeler,2000,28,0
107,Yamhill,2000,28,0
108,Baker,2005,28,0
109,Benton,2005,28,0
110,Clackamas,2005,28,0
111,Clatsop,2005,28,0
112,Columbia,2005,28,0
113,Coos,2005,28,0
114,Crook,2005,28,0
115,Curry,2005,28,0
116,Deschutes,2005,28,0
117,Douglas,2005,28,0
118,Gilliam,2005,28,0
119,Grant,2005,28,0
120,Harney,2005,28,0
121,Hood River,2005,28,0
122,Jackson,2005,28,0
123,Jefferson,2005,28,0
124,Josephine,2005,28,0
125,Klamath,2005,28,0
126,Lake,2005,28,0
127,Lane,2005,28,0
128,Lincoln,2005,28,0
129,Linn,2005,28,0
130,Malheur,2005,28,0
131,Marion,2005,28,0
132,Morrow,2005,28,0
133,Multnomah,2005,28,0
134,Polk,2005,28,0
135,Sherman,2005,28,0
136,Tillamook,2005,28,0
137,Umatilla,2005,28,0
138,Union,2005,28,0
139,Wallowa,2005,28,0
140,Wasco,2005,28,0
141,Washington,2005,28,0
142,Wheeler,2005,28,0
143,Yamhill,2005,28,0
144,Baker,2010,35,0
145,Benton,2010,35,0
146,Clackamas,2010,35,0
147,Clatsop,2010,35,0
148,Columbia,2010,35,0
149,Coos,2010,35,0
150,Crook,2010,35,0
151,Curry,2010,35,0
152,Deschutes,2010,35,0
153,Douglas,2010,35,0
154,Gilliam,2010,35,0
155,Grant,2010,35,0
156,Harney,2010,35,0
157,Hood River,2010,35,0
158,Jackson,2010,35,0
159,Jefferson,2010,35,0
160,Josephine,2010,35,0
161,Klamath,2010,35,0
162,Lake,2010,35,0
163,Lane,2010,35,0
164,Lincoln,2010,35,0
165,Linn,2010,35,0
166,Malheur,2010,35,0
167,Marion,2010,35,0
168,Morrow,2010,35,0
169,Multnomah,2010,35,0
170,Polk,2010,35,0
171,Sherman,2010,35,0
172,Tillamook,2010,35,0
173,Umatilla,2010,35,0
174,Union,2010,35,0
175,Wallowa,2010,35,0
176,Wasco,2010,35,0
177,Washington,2010,35,0
178,Wheeler,2010,35,0
179,Yamhill,2010,35,0
180,Baker,2015,33,0
181,Benton,2015,33,0
182,Clackamas,2015,33,0
183,Clatsop,2015,33,0
184,Columbia,2015,33,0
185,Coos,2015,33,0
186,Crook,2015,33,0
187,Curry,2015,33,0
188,Deschutes,2015,33,0
189,Douglas,2015,33,0
190,Gilliam,2015,33,0
191,Grant,2015,33,0
192,Harney,2015,33,0
193,Hood River,2015,33,0
194,Jackson,2015,33,0
195,Jefferson,2015,33,0
196,Josephine,2015,33,0
197,Klamath,2015,33,0
198,Lake,2015,33,0
199,Lane,2015,33,0
200,Lincoln,2015,33,0
201,Linn,2015,33,0
202,Malheur,2015,33,0
203,Marion,2015,33,0
204,Morrow,2015,33,0
205,Multnomah,2015,33,0
206,Polk,2015,33,0
207,Sherman,2015,33,0
208,Tillamook,2015,33,0
209,Umatilla,2015,33,0
210,Union,2015,33,0
211,Wallowa,2015,33,0
212,Wasco,2015,33,0
213,Washington,2015,33,0
214,Wheeler,2015,33,0
215,Yamhill,2015,33,0
