Geo,Year,FwyLaneMi,ArtLaneMi
Albany,1990,35.0,133.0
Albany,1995,35.0,133.0
Albany,2000,35.0,133.0
Albany,2005,35.0,133.0
Albany,2010,35.0,133.0
Albany,2015,35.0,133.0
Bend,1990,48.0,156.29
Bend,1995,48.0,158.44
Bend,2000,48.0,160.93
Bend,2005,48.0,164.0
Bend,2010,48.0,163.0
Bend,2015,48.0,181.0
Corvallis,1990,10.0,135.9999775
Corvallis,1995,10.0,136.7870039
Corvallis,2000,10.0,132.75
Corvallis,2005,10.0,136.0
Corvallis,2010,10.0,131.0
Corvallis,2015,10.0,143.0
EugeneSpringfield,1990,126.58,411.589941
EugeneSpringfield,1995,127.81,414.259941
EugeneSpringfield,2000,129.17,417.199941
EugeneSpringfield,2005,130.0,419.0
EugeneSpringfield,2010,137.0,401.0
EugeneSpringfield,2015,142.0,416.0
GrantsPass,1990,100.0,159.0
GrantsPass,1995,100.0,159.0
GrantsPass,2000,100.0,159.0
GrantsPass,2005,100.0,159.0
GrantsPass,2010,100.0,159.0
GrantsPass,2015,100.0,159.0
Metro,1990,506.4,1943.019429
Metro,1995,512.8,1959.999429
Metro,2000,520.91,1981.489429
Metro,2005,523.0,1995.0
Metro,2010,535.0,2014.0
Metro,2015,562.0,2094.0
RogueValley,1990,101.26,410.0
RogueValley,1995,102.6,413.27
RogueValley,2000,103.83,416.3
RogueValley,2005,104.76,418.59
RogueValley,2010,115.0,418.59
RogueValley,2015,114.0,415.0
SalemKeizer,1990,119.37,408.96
SalemKeizer,1995,120.34,412.66
SalemKeizer,2000,121.41,416.75
SalemKeizer,2005,122.0,419.0
SalemKeizer,2010,129.0,419.0
SalemKeizer,2015,137.0,434.0
None,1990,2237.0,12546.0
None,1995,2250.0,11678.0
None,2000,2270.0,14223.0
None,2005,2236.0,14465.0
None,2010,2202.0,14706.0
None,2015,2333.0,15145.0
