,Geo,Year,UrbanMixProp
0,Metro,1990,
1,Metro,1995,
2,Metro,2000,
3,Metro,2005,
4,Metro,2010,
5,Metro,2015,
13,Bend,1990,
14,Bend,1995,
15,Bend,2000,
16,Bend,2005,
17,Bend,2010,
18,Bend,2015,
26,Corvallis,1990,
27,Corvallis,1995,
28,Corvallis,2000,
29,Corvallis,2005,
30,Corvallis,2010,
31,Corvallis,2015,
39,EugeneSpringfield,1990,
40,EugeneSpringfield,1995,
41,EugeneSpringfield,2000,
42,EugeneSpringfield,2005,
43,EugeneSpringfield,2010,
44,EugeneSpringfield,2015,
52,RogueValley,1990,
53,RogueValley,1995,
54,RogueValley,2000,
55,RogueValley,2005,
56,RogueValley,2010,
57,RogueValley,2015,
65,SalemKeizer,1990,
66,SalemKeizer,1995,
67,SalemKeizer,2000,
68,SalemKeizer,2005,
69,SalemKeizer,2010,
70,SalemKeizer,2015,
78,Albany,1990,
79,Albany,1995,
80,Albany,2000,
81,Albany,2005,
82,Albany,2010,
83,Albany,2015,
91,GrantsPass,1990,
92,GrantsPass,1995,
93,GrantsPass,2000,
94,GrantsPass,2005,
95,GrantsPass,2010,
96,GrantsPass,2015,
104,None,1990,
105,None,1995,
106,None,2000,
107,None,2005,
108,None,2010,
109,None,2015,
