,Geo,Year,UrbanD3bpo4Adj,TownD3bpo4Adj,RuralD3bpo4Adj
0,Metro,1990,1,1,1
1,Metro,1995,1,1,1
2,Metro,2000,1,1,1
3,Metro,2005,1,1,1
4,Metro,2010,1,1,1
5,Metro,2015,1,1,1
13,Bend,1990,1,1,1
14,Bend,1995,1,1,1
15,Bend,2000,1,1,1
16,Bend,2005,1,1,1
17,Bend,2010,1,1,1
18,Bend,2015,1,1,1
26,Corvallis,1990,1,1,1
27,Corvallis,1995,1,1,1
28,Corvallis,2000,1,1,1
29,Corvallis,2005,1,1,1
30,Corvallis,2010,1,1,1
31,Corvallis,2015,1,1,1
39,EugeneSpringfield,1990,1,1,1
40,EugeneSpringfield,1995,1,1,1
41,EugeneSpringfield,2000,1,1,1
42,EugeneSpringfield,2005,1,1,1
43,EugeneSpringfield,2010,1,1,1
44,EugeneSpringfield,2015,1,1,1
52,RogueValley,1990,1,1,1
53,RogueValley,1995,1,1,1
54,RogueValley,2000,1,1,1
55,RogueValley,2005,1,1,1
56,RogueValley,2010,1,1,1
57,RogueValley,2015,1,1,1
65,SalemKeizer,1990,1,1,1
66,SalemKeizer,1995,1,1,1
67,SalemKeizer,2000,1,1,1
68,SalemKeizer,2005,1,1,1
69,SalemKeizer,2010,1,1,1
70,SalemKeizer,2015,1,1,1
78,Albany,1990,1,1,1
79,Albany,1995,1,1,1
80,Albany,2000,1,1,1
81,Albany,2005,1,1,1
82,Albany,2010,1,1,1
83,Albany,2015,1,1,1
91,GrantsPass,1990,1,1,1
92,GrantsPass,1995,1,1,1
93,GrantsPass,2000,1,1,1
94,GrantsPass,2005,1,1,1
95,GrantsPass,2010,1,1,1
96,GrantsPass,2015,1,1,1
104,None,1990,1,1,1
105,None,1995,1,1,1
106,None,2000,1,1,1
107,None,2005,1,1,1
108,None,2010,1,1,1
109,None,2015,1,1,1
