Geo,Year,UrbanMixProp
Metro,1990,
Metro,1995,
Metro,2000,
Metro,2005,
Metro,2010,
Metro,2015,
Bend,1990,
Bend,1995,
Bend,2000,
Bend,2005,
Bend,2010,
Bend,2015,
Corvallis,1990,
Corvallis,1995,
Corvallis,2000,
Corvallis,2005,
Corvallis,2010,
Corvallis,2015,
EugeneSpringfield,1990,
EugeneSpringfield,1995,
EugeneSpringfield,2000,
EugeneSpringfield,2005,
EugeneSpringfield,2010,
EugeneSpringfield,2015,
RogueValley,1990,
RogueValley,1995,
RogueValley,2000,
RogueValley,2005,
RogueValley,2010,
RogueValley,2015,
SalemKeizer,1990,
SalemKeizer,1995,
SalemKeizer,2000,
SalemKeizer,2005,
SalemKeizer,2010,
SalemKeizer,2015,
Albany,1990,
Albany,1995,
Albany,2000,
Albany,2005,
Albany,2010,
Albany,2015,
GrantsPass,1990,
GrantsPass,1995,
GrantsPass,2000,
GrantsPass,2005,
GrantsPass,2010,
GrantsPass,2015,
None,1990,
None,1995,
None,2000,
None,2005,
None,2010,
None,2015,
