,Geo,Year,TransitEthanolPropGasoline,TransitBiodieselPropDiesel,TransitRngPropCng
0,Metro,1990,0.0,0.0,0.0
1,Metro,1995,0.0,0.0,0.0
2,Metro,2000,0.0,0.0,0.0
3,Metro,2005,0.1,0.01,0.005
4,Metro,2010,0.1,0.05,0.01
5,Metro,2015,0.1,0.05,0.6
13,Bend,1990,0.0,0.0,0.0
14,Bend,1995,0.0,0.0,0.0
15,Bend,2000,0.0,0.0,0.0
16,Bend,2005,0.1,0.01,0.005
17,Bend,2010,0.1,0.05,0.01
18,Bend,2015,0.1,0.05,0.6
26,Corvallis,1990,0.0,0.0,0.0
27,Corvallis,1995,0.0,0.0,0.0
28,Corvallis,2000,0.0,0.2,0.0
29,Corvallis,2005,0.0,0.05,0.0
30,Corvallis,2010,0.1,0.05,0.0
31,Corvallis,2015,0.1,0.05,0.6
39,EugeneSpringfield,1990,0.0,0.0,0.0
40,EugeneSpringfield,1995,0.0,0.0,0.0
41,EugeneSpringfield,2000,0.0,0.0,0.0
42,EugeneSpringfield,2005,0.1,0.01,0.005
43,EugeneSpringfield,2010,0.1,0.05,0.01
44,EugeneSpringfield,2015,0.1,0.05,0.6
52,RogueValley,1990,0.0,0.0,0.0
53,RogueValley,1995,0.0,0.0,0.0
54,RogueValley,2000,0.0,0.0,0.0
55,RogueValley,2005,0.1,0.01,0.005
56,RogueValley,2010,0.1,0.05,0.01
57,RogueValley,2015,0.1,0.05,0.6
65,SalemKeizer,1990,0.0,0.0,0.0
66,SalemKeizer,1995,0.0,0.0,0.0
67,SalemKeizer,2000,0.0,0.0,0.0
68,SalemKeizer,2005,0.1,0.01,0.005
69,SalemKeizer,2010,0.1,0.05,0.01
70,SalemKeizer,2015,0.1,0.05,0.6
78,Albany,1990,0.0,0.0,0.0
79,Albany,1995,0.0,0.0,0.0
80,Albany,2000,0.0,0.0,0.0
81,Albany,2005,0.1,0.01,0.005
82,Albany,2010,0.1,0.05,0.01
83,Albany,2015,0.1,0.05,0.6
91,GrantsPass,1990,0.0,0.0,0.0
92,GrantsPass,1995,0.0,0.0,0.0
93,GrantsPass,2000,0.0,0.0,0.0
94,GrantsPass,2005,0.1,0.01,0.005
95,GrantsPass,2010,0.1,0.05,0.01
96,GrantsPass,2015,0.1,0.05,0.6
104,None,1990,0.0,0.0,0.0
105,None,1995,0.0,0.0,0.0
106,None,2000,0.05,0.0,0.0
107,None,2005,0.1,0.01,0.0
108,None,2010,0.1,0.05,0.0
109,None,2015,0.1,0.05,0.0
