Geo,Year,TransitEthanolPropGasoline,TransitBiodieselPropDiesel,TransitRngPropCng
Metro,1990,0.0,0.0,0.0
Metro,1995,0.0,0.0,0.0
Metro,2000,0.0,0.0,0.0
Metro,2005,0.1,0.01,0.005
Metro,2010,0.1,0.05,0.01
Metro,2015,0.1,0.05,0.6
Bend,1990,0.0,0.0,0.0
Bend,1995,0.0,0.0,0.0
Bend,2000,0.0,0.0,0.0
Bend,2005,0.1,0.01,0.005
Bend,2010,0.1,0.05,0.01
Bend,2015,0.1,0.05,0.6
Corvallis,1990,0.0,0.0,0.0
Corvallis,1995,0.0,0.0,0.0
Corvallis,2000,0.0,0.2,0.0
Corvallis,2005,0.0,0.05,0.0
Corvallis,2010,0.1,0.05,0.0
Corvallis,2015,0.1,0.05,0.6
EugeneSpringfield,1990,0.0,0.0,0.0
EugeneSpringfield,1995,0.0,0.0,0.0
EugeneSpringfield,2000,0.0,0.0,0.0
EugeneSpringfield,2005,0.1,0.01,0.005
EugeneSpringfield,2010,0.1,0.05,0.01
EugeneSpringfield,2015,0.1,0.05,0.6
RogueValley,1990,0.0,0.0,0.0
RogueValley,1995,0.0,0.0,0.0
RogueValley,2000,0.0,0.0,0.0
RogueValley,2005,0.1,0.01,0.005
RogueValley,2010,0.1,0.05,0.01
RogueValley,2015,0.1,0.05,0.6
SalemKeizer,1990,0.0,0.0,0.0
SalemKeizer,1995,0.0,0.0,0.0
SalemKeizer,2000,0.0,0.0,0.0
SalemKeizer,2005,0.1,0.01,0.005
SalemKeizer,2010,0.1,0.05,0.01
SalemKeizer,2015,0.1,0.05,0.6
Albany,1990,0.0,0.0,0.0
Albany,1995,0.0,0.0,0.0
Albany,2000,0.0,0.0,0.0
Albany,2005,0.1,0.01,0.005
Albany,2010,0.1,0.05,0.01
Albany,2015,0.1,0.05,0.6
GrantsPass,1990,0.0,0.0,0.0
GrantsPass,1995,0.0,0.0,0.0
GrantsPass,2000,0.0,0.0,0.0
GrantsPass,2005,0.1,0.01,0.005
GrantsPass,2010,0.1,0.05,0.01
GrantsPass,2015,0.1,0.05,0.6
None,1990,0.0,0.0,0.0
None,1995,0.0,0.0,0.0
None,2000,0.05,0.0,0.0
None,2005,0.1,0.01,0.0
None,2010,0.1,0.05,0.0
None,2015,0.1,0.05,0.0
